{
  "hash": "10e36c51",
  "configHash": "2769103e",
  "lockfileHash": "f72edc9e",
  "browserHash": "621fcec6",
  "optimized": {
    "@angular/common": {
      "src": "../../../../../node_modules/@angular/common/fesm2022/common.mjs",
      "file": "@angular_common.js",
      "fileHash": "0f021e5e",
      "needsInterop": false
    },
    "@angular/common/http": {
      "src": "../../../../../node_modules/@angular/common/fesm2022/http.mjs",
      "file": "@angular_common_http.js",
      "fileHash": "db681550",
      "needsInterop": false
    },
    "@angular/core": {
      "src": "../../../../../node_modules/@angular/core/fesm2022/core.mjs",
      "file": "@angular_core.js",
      "fileHash": "fedd907a",
      "needsInterop": false
    },
    "@angular/forms": {
      "src": "../../../../../node_modules/@angular/forms/fesm2022/forms.mjs",
      "file": "@angular_forms.js",
      "fileHash": "5791187d",
      "needsInterop": false
    },
    "@angular/platform-browser": {
      "src": "../../../../../node_modules/@angular/platform-browser/fesm2022/platform-browser.mjs",
      "file": "@angular_platform-browser.js",
      "fileHash": "e1ec00df",
      "needsInterop": false
    },
    "@angular/platform-browser/animations": {
      "src": "../../../../../node_modules/@angular/platform-browser/fesm2022/animations.mjs",
      "file": "@angular_platform-browser_animations.js",
      "fileHash": "b35e4d75",
      "needsInterop": false
    },
    "@angular/platform-server": {
      "src": "../../../../../node_modules/@angular/platform-server/fesm2022/platform-server.mjs",
      "file": "@angular_platform-server.js",
      "fileHash": "677ed04a",
      "needsInterop": false
    },
    "@angular/router": {
      "src": "../../../../../node_modules/@angular/router/fesm2022/router.mjs",
      "file": "@angular_router.js",
      "fileHash": "2de88f33",
      "needsInterop": false
    },
    "express": {
      "src": "../../../../../node_modules/express/index.js",
      "file": "express.js",
      "fileHash": "9923a4ff",
      "needsInterop": true
    },
    "ngx-toastr": {
      "src": "../../../../../node_modules/ngx-toastr/fesm2022/ngx-toastr.mjs",
      "file": "ngx-toastr.js",
      "fileHash": "0027ecc6",
      "needsInterop": false
    }
  },
  "chunks": {
    "xhr2-AQ42KH57": {
      "file": "xhr2-AQ42KH57.js"
    },
    "chunk-64UGAUK5": {
      "file": "chunk-64UGAUK5.js"
    },
    "chunk-B5ORDGJM": {
      "file": "chunk-B5ORDGJM.js"
    },
    "chunk-4SO2ZRCZ": {
      "file": "chunk-4SO2ZRCZ.js"
    },
    "chunk-XCXWGQQH": {
      "file": "chunk-XCXWGQQH.js"
    },
    "chunk-HCFBPZ3H": {
      "file": "chunk-HCFBPZ3H.js"
    },
    "chunk-VAMGWXBZ": {
      "file": "chunk-VAMGWXBZ.js"
    },
    "chunk-NQ4HTGF6": {
      "file": "chunk-NQ4HTGF6.js"
    }
  }
}